profile,q_angle,r,offset_rad,success,capture_time_s,settling_time_s,peak_cart_position_m,tail_max_angle_error_rad,tail_max_cart_position_m,max_force_N,force_squared_integral_N2s,saturation_fraction
lower_angle,30.0,0.2,0.07853981633974483,True,0.0,0.22,0.08925081485885339,8.316165533983622e-10,6.339917051921197e-10,3.038902405658179,0.33516779974180944,0.0
lower_angle,30.0,0.2,0.01,True,0.0,0.005,0.011326705076923701,1.0556622243029778e-10,8.045848127415477e-11,0.3869250715474728,0.005399513056065043,0.0
lower_angle,30.0,0.2,0.1,True,0.005,0.265,0.11387265087384534,1.0608665057532107e-09,8.088935753680113e-10,3.869250715474814,0.545512138326691,0.0
lower_angle,30.0,0.2,0.39269908169872414,True,0.785,0.785,0.4841712599921946,4.478738269142468e-09,3.4398461509744104e-09,15.194512028290895,9.763957708156466,0.0
lower_angle,30.0,0.2,0.7853981633974483,True,1.365,2.22,1.2739478202269263,1.1135551591934245e-08,9.064387978808776e-09,30.0,63.93468960911534,0.00025
lower_angle,30.0,0.2,3.141592653589793,False,,,249.27225263928696,3.1370093844865323,249.27225263928696,30.0,17807.549962324465,0.98175
selected,120.0,0.2,0.07853981633974483,True,0.0,0.20500000000000002,0.08104573182432823,6.33800047999955e-08,2.0210848289900514e-07,3.6984868350647733,0.39218360596290774,0.0
selected,120.0,0.2,0.01,True,0.0,0.005,0.010278637294966418,8.036524778987086e-09,2.5617850767398906e-08,0.47090596940867646,0.006317977762585531,0.0
selected,120.0,0.2,0.1,True,0.005,0.23500000000000001,0.10344693187323992,8.090883163447415e-08,2.5806403518740577e-07,4.70905969408687,0.6383118385214472,0.0
selected,120.0,0.2,0.39269908169872414,True,0.385,0.385,0.44655797763660005,3.5084066496438027e-07,1.1279822349177021e-06,18.49243417532387,11.41268354990713,0.0
selected,120.0,0.2,0.7853981633974483,True,1.21,2.645,1.248294972322634,9.876291948707205e-07,3.2186668198378903e-06,30.0,71.36200099571555,0.00175
selected,120.0,0.2,3.141592653589793,False,,,0.3072467409329884,3.141100332842729,0.3072467409329884,30.0,18000.0,1.0
higher_input_penalty,120.0,1.0,0.07853981633974483,True,0.0,0.225,0.10422911950952589,3.694279770982689e-08,1.7655687935691842e-06,2.459931087135808,0.2953945575750153,0.0
higher_input_penalty,120.0,1.0,0.01,True,0.0,0.005,0.013223436595757986,4.6869157444007215e-09,2.2398074599675285e-07,0.3132081537464603,0.0047601935147949526,0.0
higher_input_penalty,120.0,1.0,0.1,True,0.005,0.27,0.13300926251183592,4.714343893041928e-08,2.253179261003218e-06,3.132081537464673,0.4806870961000041,0.0
higher_input_penalty,120.0,1.0,0.39269908169872414,True,0.46,1.73,0.5694817700678275,2.0181586446454958e-07,9.659546655945522e-06,12.29965543567904,8.540601262708092,0.0
higher_input_penalty,120.0,1.0,0.7853981633974483,True,1.37,3.275,1.5247720192757417,5.39849347891419e-07,2.5748402809274557e-05,24.59931087135808,54.477629663208425,0.0
higher_input_penalty,120.0,1.0,3.141592653589793,False,,,0.2022498338411377,3.1413116738861913,0.18486460004146482,30.0,17995.15107738256,0.996
lower_input_penalty,120.0,0.05,0.07853981633974483,True,0.0,0.17500000000000002,0.06976619448057912,3.922136926348685e-08,8.713149179728829e-08,6.132093042246824,0.611729394850133,0.0
lower_input_penalty,120.0,0.05,0.01,True,0.0,0.005,0.008844568055438824,4.970354350319894e-09,1.1046105467972608e-08,0.7807623353383839,0.009852982771160364,0.0
lower_input_penalty,120.0,0.05,0.1,True,0.005,0.20500000000000002,0.08907229302826512,5.008705583620099e-08,1.1124277087148545e-07,7.807623353384012,0.995757210765979,0.0
lower_input_penalty,120.0,0.05,0.39269908169872414,True,0.34500000000000003,0.34500000000000003,0.3886518040185161,2.2048045655864712e-07,4.853290976509039e-07,30.0,17.79379398788031,0.00025
lower_input_penalty,120.0,0.05,0.7853981633974483,True,1.175,2.5100000000000002,1.1951286049383283,7.053731265749263e-07,1.4910995011066885e-06,30.0,86.31717382160544,0.00375
lower_input_penalty,120.0,0.05,3.141592653589793,False,,,0.3072467409329884,3.141100332842729,0.3072467409329884,30.0,18000.0,1.0
