phase,offset_rad,success,capture_time_s,settling_time_s,peak_cart_position_m,tail_max_angle_error_rad,tail_max_cart_position_m,max_force_N,force_squared_integral_N2s,saturation_fraction
grid,0.0,True,0.0,0.005,9.360406376906517e-14,3.1086244689504383e-15,8.787674846067474e-14,1.0094714821969932e-13,2.406667464689311e-26,0.0
grid,0.05,True,0.0,0.125,0.051473002168205315,4.0248309574053565e-08,1.2831712298417173e-07,2.354529847043424,0.15834295063160203,0.0
grid,0.1,True,0.005,0.23500000000000001,0.10344693187323992,8.090883163447415e-08,2.5806403518740577e-07,4.70905969408687,0.6383118385214472,0.0
grid,0.15,True,0.28500000000000003,0.28500000000000003,0.15643327179062375,1.2240231228588527e-07,3.9069946819154845e-07,7.063589541130293,1.454889199747626,0.0
grid,0.2,True,0.32,0.32,0.21096486404273568,1.6516668077670715e-07,5.277400868321428e-07,9.41811938817374,2.6335987827895093,0.0
grid,0.25,True,0.34,0.34,0.26760721921846653,2.096659201811235e-07,6.707892290996784e-07,11.772649235217163,4.211376136005243,0.0
grid,0.3,True,0.36,0.36,0.32697128596998093,2.5639925205211966e-07,8.215650665621825e-07,14.127179082260586,6.237874942588726,0.0
grid,0.35,True,0.375,0.375,0.389726676770982,3.0591064170693016e-07,9.819272661947014e-07,16.48170892930403,8.777308830380951,0.0
grid,0.4,True,0.39,0.39,0.4566130385609768,3.5879856064013893e-07,1.1539003097513206e-06,18.836238776347457,11.910976519189958,0.0
grid,0.45,True,0.4,1.295,0.5284595676792644,4.1572580977700113e-07,1.3396903101255267e-06,21.190768623390902,15.74068547533141,0.0
grid,0.5,True,0.775,1.635,0.6062044421808577,4.774288129283377e-07,1.5416897799622522e-06,23.545298470434325,20.39338633307655,0.0
grid,0.55,True,0.87,1.87,0.6909111127703225,5.447254203261309e-07,1.762460814955479e-06,25.89982831747775,26.027474189941472,0.0
grid,0.6,True,0.9500000000000001,2.06,0.7837881286138406,6.185192078511648e-07,2.0046804558861447e-06,28.254358164521193,32.841431568755745,0.0
grid,0.65,True,1.025,2.235,0.8867363414987858,7.002765669561484e-07,2.272969595271081e-06,30.0,41.035430410934545,0.00025
grid,0.7,True,1.095,2.39,1.0042201473445995,7.937205004360237e-07,2.580614686846618e-06,30.0,50.674554395402794,0.00075
grid,0.75,True,1.165,2.54,1.1396140778080426,9.013989088479946e-07,2.9353937794986782e-06,30.0,62.05308481308607,0.00125
grid,0.8,True,1.23,2.685,1.2966246108666812,1.0258695435361176e-06,3.3437964667904577e-06,30.0,75.54479461688817,0.002
grid,0.85,True,1.29,2.825,1.4793280374243725,1.1694511794502205e-06,3.808776322571615e-06,30.0,91.65252637776892,0.003
grid,0.9,True,1.35,2.955,1.6922602549909298,1.3337296547177857e-06,4.3251601593618894e-06,30.0,111.11251501876161,0.004
grid,0.95,True,1.405,3.075,1.940640961430125,1.5183539412433333e-06,4.868939674453805e-06,30.0,135.07126687809526,0.00525
grid,1.0,True,1.485,3.185,2.230141357934849,1.7167655381733482e-06,5.3637514773367255e-06,30.0,165.690552436548,0.00675
grid,1.05,True,1.54,3.265,2.5669296256889083,1.8991193804218653e-06,5.55277619438898e-06,30.0,207.88768749855558,0.00875
grid,1.1,True,1.5,3.23,2.9776434794234126,1.9022763688703037e-06,4.185709212668774e-06,30.0,279.03684569412974,0.01125
grid,1.15,True,2.535,2.535,3.6448697506269294,7.858038792996069e-07,1.6737014822200026e-05,30.0,594.901221431857,0.02575
grid,1.2,True,3.08,3.08,5.755419369150997,5.710639428002651e-07,2.1869694737111014e-05,30.0,901.7673096017472,0.04475
grid,1.25,False,,,569.9955565538224,3.1413935088176004,569.9955565538224,30.0,18000.0,1.0
grid,1.3,False,,,569.9970145408823,3.141493715160543,569.9970145408823,30.0,18000.0,1.0
grid,1.35,False,2.345,,569.9960968087563,3.1415667145264017,569.9960968087563,30.0,18000.0,1.0
grid,1.4,False,2.31,,569.9951203211684,3.14145600025849,569.9951203211684,30.0,18000.0,1.0
grid,1.45,False,2.29,,569.9948317227341,3.1414992289949843,569.9948317227341,30.0,18000.0,1.0
grid,1.5,False,2.27,,569.9954042308699,3.1415188684147175,569.9954042308699,30.0,18000.0,1.0
grid,1.55,False,2.2600000000000002,,569.9972109711503,3.1414113552110656,569.9972109711503,30.0,18000.0,1.0
grid,1.6,False,2.265,,569.9994945489999,3.1415775333840443,569.9994945489999,30.0,18000.0,1.0
grid,1.65,False,,,570.0011911450546,3.1415469218982004,570.0011911450546,30.0,18000.0,1.0
grid,1.7,False,,,570.001563877966,3.141480300119021,570.001563877966,30.0,18000.0,1.0
grid,1.75,False,,,569.9956797967773,3.1415918594280257,569.9956797967773,30.0,18000.0,1.0
grid,1.8,False,,,67.86205982429345,3.140984973273323,67.86205982429345,30.0,14887.33081651648,0.757
grid,1.85,False,,,50.68875500688744,3.141580413675104,50.68875500688744,30.0,14903.762760325964,0.74675
grid,1.9,True,7.295,7.295,19.44820988246058,2.9189252334305138e-05,0.0008620511962026165,30.0,3118.973328496286,0.15025
grid,1.95,False,,,472.6840255910521,3.1410063151270933,472.6840255910521,30.0,17461.657358663568,0.95425
grid,2.0,True,5.37,5.37,13.79521205146618,1.6503733675676813e-05,0.00011439721169875058,30.0,1490.5493305214777,0.06775
grid,2.05,True,4.745,4.745,10.790490659536092,1.0473530927868069e-05,4.8666765610551124e-05,30.0,1150.6011857808023,0.0525
grid,2.1,True,3.145,3.715,9.522139140670392,3.571057188622717e-06,8.826068984523338e-06,30.0,1438.3132625081948,0.067
grid,2.15,False,3.6350000000000002,,523.8628326770388,3.1414968125885583,523.8628326770388,30.0,17698.11036968431,0.973
grid,2.2,True,3.98,3.98,7.791339135128024,5.503817370744457e-06,1.1014468596133274e-05,30.0,858.8623229553705,0.0325
grid,2.25,False,,,539.2141591534842,3.1415069786872625,539.2141591534842,30.0,17824.9382132205,0.98575
grid,2.3,False,,,542.8254444263288,3.1413457392923707,542.8254444263288,30.0,17730.669378812043,0.979
grid,2.35,False,,,560.8887885352395,3.141396447414003,560.8887885352395,30.0,17928.38747897408,0.995
grid,2.4,False,,,515.3999764136043,3.1415677541947318,515.3999764136043,30.0,17688.693008967402,0.97325
grid,2.45,True,1.87,3.5500000000000003,2.0462137939026475,2.2358294460289585e-06,1.185432613976244e-05,30.0,313.8550094205306,0.01575
grid,2.5,True,4.95,4.95,9.690517932441285,1.1997202500779736e-05,7.197453003031327e-05,30.0,1473.9527343309444,0.0685
grid,2.55,False,,,491.1253041740336,3.141265033745949,491.1253041740336,30.0,17577.63915911519,0.96575
grid,2.6,False,,,1.4914489826433437,3.140691474487735,1.4914489826433437,30.0,17995.478613040188,0.9985
grid,2.65,False,,,0.3336745368966075,3.1415901924862206,0.3302416312515148,30.0,17999.950151778678,0.99975
grid,2.7,False,,,1.2813380301115664,3.14129422515618,1.2813380301115664,30.0,18000.0,1.0
grid,2.75,False,,,0.6943555953922376,3.140631454859254,0.6943555953922376,30.0,17998.572361926494,0.99925
grid,2.8,False,,,0.3324076159147572,3.138251204668139,0.3324076159147572,30.0,18000.0,1.0
grid,2.85,False,,,0.5622915994654389,3.1394098249381566,0.5622915994654389,30.0,18000.0,1.0
grid,2.9,False,,,0.15868827156045068,3.1267212461130836,0.15469196192896645,30.0,18000.0,1.0
grid,2.95,False,,,0.16991917542428148,3.124228318737676,0.1689709662006543,30.0,18000.0,1.0
grid,3.0,False,,,0.19636758108672608,3.1412854946517674,0.19636758108672608,30.0,18000.0,1.0
grid,3.05,False,,,0.49535183639450975,3.1407945596106064,0.49535183639450975,30.0,18000.0,1.0
grid,3.1,False,,,0.12847225494470682,3.1398004580101935,0.12842980440846044,30.0,18000.0,1.0
grid,3.141592653589793,False,,,0.3072467409329884,3.141100332842729,0.3072467409329884,30.0,18000.0,1.0
refinement,1.225,False,,,570.0041668825471,3.141519498737024,570.0041668825471,30.0,18000.0,1.0
refinement,1.2125,False,,,521.3881452518709,3.1415715484551185,521.3881452518709,30.0,17753.882657215167,0.97875
refinement,1.2062499999999998,True,2.2600000000000002,4.15,7.449509216607645,6.137955815610496e-06,2.1275473111741975e-05,30.0,774.7131649039065,0.03375
refinement,1.2093749999999999,False,,,522.7171650214274,3.141329451838086,522.7171650214274,30.0,17725.08954246493,0.97675
refinement,1.2078124999999997,True,2.215,4.115,7.853178689719215,6.169544940703986e-06,1.8910455378880038e-05,30.0,816.0951583947409,0.03425
refinement,1.20859375,True,2.215,4.11,7.511766710631286,5.927030143126899e-06,1.9328299519449392e-05,30.0,799.1405403373774,0.03625
grid,-0.05,True,0.0,0.125,0.05147300216820611,4.0248309574053565e-08,1.2831712677116087e-07,2.354529847043424,0.15834295063159745,0.0
grid,-0.1,True,0.005,0.23500000000000001,0.10344693187324967,8.090883163447415e-08,2.5806403855166457e-07,4.70905969408687,0.6383118385214575,0.0
grid,-0.15,True,0.28500000000000003,0.28500000000000003,0.15643327179062824,1.2240231184179606e-07,3.9069947186912834e-07,7.063589541130293,1.4548891997476507,0.0
grid,-0.2,True,0.32,0.32,0.2109648640427451,1.6516668033261794e-07,5.277400914046065e-07,9.41811938817374,2.633598782789534,0.0
grid,-0.25,True,0.34,0.34,0.2676072192184693,2.096659197370343e-07,6.707892328899281e-07,11.772649235217163,4.211376136005284,0.0
grid,-0.3,True,0.36,0.36,0.32697128596999114,2.5639925160803045e-07,8.215650699088964e-07,14.127179082260586,6.2378749425887445,0.0
grid,-0.35,True,0.375,0.375,0.38972667677098527,3.0591064170693016e-07,9.819272718238537e-07,16.48170892930403,8.777308830380969,0.0
grid,-0.4,True,0.39,0.39,0.45661303856097957,3.5879856064013893e-07,1.1539003126093487e-06,18.836238776347457,11.910976519189994,0.0
grid,-0.45,True,0.4,1.295,0.5284595676792557,4.1572580977700113e-07,1.3396903136631395e-06,21.190768623390902,15.740685475331205,0.0
grid,-0.5,True,0.775,1.635,0.606204442180846,4.774288124842485e-07,1.5416897866887055e-06,23.545298470434325,20.39338633307645,0.0
grid,-0.55,True,0.87,1.87,0.6909111127703106,5.447254198820417e-07,1.7624608183694133e-06,25.89982831747775,26.027474189941408,0.0
grid,-0.6,True,0.9500000000000001,2.06,0.7837881286138423,6.185192078511648e-07,2.004680459808058e-06,28.254358164521193,32.841431568755695,0.0
grid,-0.65,True,1.025,2.235,0.8867363414987995,7.002765665120592e-07,2.272969599948621e-06,30.0,41.035430410934424,0.00025
grid,-0.7,True,1.095,2.39,1.0042201473446155,7.937204999919345e-07,2.5806146903872982e-06,30.0,50.67455439540312,0.00075
grid,-0.75,True,1.165,2.54,1.139614077808048,9.013989084039054e-07,2.9353937826352425e-06,30.0,62.05308481308596,0.00125
grid,-0.8,True,1.23,2.685,1.2966246108666832,1.0258695430920284e-06,3.3437964719723558e-06,30.0,75.54479461688803,0.002
grid,-0.85,True,1.29,2.825,1.4793280374243796,1.1694511790061313e-06,3.808776327374429e-06,30.0,91.65252637776969,0.003
grid,-0.9,True,1.35,2.955,1.692260254990936,1.3337296547177857e-06,4.325160163604474e-06,30.0,111.11251501876242,0.004
grid,-0.95,True,1.405,3.075,1.9406409614301274,1.5183539407992441e-06,4.8689396795073614e-06,30.0,135.07126687809554,0.00525
grid,-1.0,True,1.485,3.185,2.2301413579348606,1.716765537729259e-06,5.363751480958065e-06,30.0,165.69055243654904,0.00675
grid,-1.05,True,1.54,3.265,2.566929625688918,1.8991193799777761e-06,5.552776198591019e-06,30.0,207.8876874985563,0.00875
grid,-1.1,True,1.5,3.23,2.97764347942345,1.9022763688703037e-06,4.1857092156016565e-06,30.0,279.0368456941357,0.01125
grid,-1.15,True,2.535,2.535,3.6448697506268957,7.858038797436961e-07,1.673701481830931e-05,30.0,594.9012214317896,0.02575
grid,-1.2,True,3.08,3.08,5.755419369151005,5.710639445766219e-07,2.186969473005345e-05,30.0,901.7673096022637,0.04475
grid,-1.25,False,,,569.9955565538269,3.14139350881754,569.9955565538269,30.0,18000.0,1.0
grid,-1.3,False,,,569.9970145408801,3.141493715159511,569.9970145408801,30.0,18000.0,1.0
grid,-1.35,False,2.345,,569.9960968087568,3.1415667145271584,569.9960968087568,30.0,18000.0,1.0
grid,-1.4,False,2.31,,569.9951203211709,3.141456000256568,569.9951203211709,30.0,18000.0,1.0
grid,-1.45,False,2.29,,569.994831722736,3.1414992289936485,569.994831722736,30.0,18000.0,1.0
grid,-1.5,False,2.27,,569.9954042308658,3.1415188684137707,569.9954042308658,30.0,18000.0,1.0
grid,-1.55,False,2.2600000000000002,,569.997210971146,3.141411355211739,569.997210971146,30.0,18000.0,1.0
grid,-1.6,False,2.265,,569.999494548999,3.14157753338465,569.999494548999,30.0,18000.0,1.0
grid,-1.65,False,,,570.0011911450523,3.1415469218982377,570.0011911450523,30.0,18000.0,1.0
grid,-1.7,False,,,570.0015638779677,3.1414803001190332,570.0015638779677,30.0,18000.0,1.0
grid,-1.75,False,,,569.9956797967743,3.1415918594156,569.9956797967743,30.0,18000.0,1.0
grid,-1.8,False,,,69.39312880482498,3.137045016116968,69.39312880482498,30.0,14871.183230870412,0.7555
grid,-1.85,False,,,52.96647790026829,3.1383282617979695,52.96647790026829,30.0,14895.680780970317,0.7485
grid,-1.9,True,7.295,7.295,19.448209883647504,2.91892544019845e-05,0.0008620508941448549,30.0,3118.973711996906,0.15025
grid,-1.95,False,,,472.68402554945857,3.1410063546796714,472.68402554945857,30.0,17461.657353848786,0.95425
grid,-2.0,True,5.37,5.37,13.795212051456044,1.6503733679229526e-05,0.00011439721173046227,30.0,1490.5493305073903,0.06775
grid,-2.05,True,4.745,4.745,10.790490659526881,1.0473530926091712e-05,4.86667656068818e-05,30.0,1150.6011857739632,0.0525
grid,-2.1,True,3.145,3.715,9.522139140663938,3.5710571868463603e-06,8.826068931585371e-06,30.0,1438.3132623546317,0.067
grid,-2.15,False,3.6350000000000002,,523.8628326770578,3.1414968125990335,523.8628326770578,30.0,17698.11036968343,0.973
grid,-2.2,True,3.98,3.98,7.791339135132488,5.503817370300368e-06,1.101446860039938e-05,30.0,858.8623229571187,0.0325
grid,-2.25,False,,,539.2141591534814,3.1415069786520284,539.2141591534814,30.0,17824.93821322064,0.98575
grid,-2.3,False,,,542.825444426318,3.141345739291939,542.825444426318,30.0,17730.6693788127,0.979
grid,-2.35,False,,,560.8887885352361,3.1413964474141203,560.8887885352361,30.0,17928.387478973982,0.995
grid,-2.4,False,,,515.3999764130709,3.141567753504777,515.3999764130709,30.0,17688.693008922684,0.97325
grid,-2.45,True,1.87,3.5500000000000003,2.046213793815082,2.2358294464730477e-06,1.1854326135570773e-05,30.0,313.85500941660393,0.01575
grid,-2.5,True,4.95,4.95,9.690517932618611,1.1997202493674308e-05,7.197452974461159e-05,30.0,1473.952734691111,0.0685
grid,-2.55,False,,,491.1253040090233,3.1412650386416487,491.1253040090233,30.0,17577.63916430008,0.96575
grid,-2.6,False,,,1.3484360855181177,3.140663702815794,1.3484360855181177,30.0,17995.478613040104,0.9985
grid,-2.65,False,,,0.4145005994420914,3.141590562779572,0.4145005994420914,30.0,17999.950151778674,0.99975
grid,-2.7,False,,,0.7254430784393305,3.1412093993787913,0.7254430784393305,30.0,18000.0,1.0
grid,-2.75,False,,,1.2426496747806965,3.1407289530462466,1.2426496747806965,30.0,17998.572361095543,0.99925
grid,-2.8,False,,,0.33252016877828416,3.1409467396320796,0.33252016877828416,30.0,18000.0,1.0
grid,-2.85,False,,,0.6468428923165116,3.13979706662855,0.6468428923165116,30.0,18000.0,1.0
grid,-2.9,False,,,0.1586882715604626,3.1267212461123695,0.15469196192859247,30.0,18000.0,1.0
grid,-2.95,False,,,0.16991917542422702,3.1242283187403075,0.16897096620252627,30.0,18000.0,1.0
grid,-3.0,False,,,0.18670984341546043,3.141422230139284,0.18670984341546043,30.0,18000.0,1.0
grid,-3.05,False,,,0.4274403664450845,3.1399989522562475,0.4274403664450845,30.0,18000.0,1.0
grid,-3.1,False,,,0.1284722549449707,3.13980045801127,0.12842980440981533,30.0,18000.0,1.0
grid,-3.141592653589793,False,,,0.2610499526912791,3.1415087268043878,0.2610499526912791,30.0,18000.0,1.0
refinement,-1.225,False,,,570.0041668825496,3.14151949873691,570.0041668825496,30.0,18000.0,1.0
refinement,-1.2125,False,,,521.3881452518743,3.141571548466615,521.3881452518743,30.0,17753.88265721561,0.97875
refinement,-1.2062499999999998,True,2.2600000000000002,4.15,7.449509216606514,6.137955814722318e-06,2.127547311751332e-05,30.0,774.7131649038039,0.03375
refinement,-1.2093749999999999,False,,,522.7171650214157,3.1413294518551425,522.7171650214157,30.0,17725.089542463644,0.97675
refinement,-1.2078124999999997,True,2.215,4.115,7.853178689718178,6.169544937151272e-06,1.8910455399266566e-05,30.0,816.0951583945671,0.03425
refinement,-1.20859375,True,2.215,4.11,7.5117667106293355,5.927030146679613e-06,1.932829951948575e-05,30.0,799.1405403374188,0.03625
