metric,value
train_transitions,7680
test_transitions,1920
heldout_one_step_rmse_x,4.4677774632799983e-08
heldout_one_step_rmse_xdot,1.789249019155716e-05
heldout_one_step_rmse_thetadot,7.307296335166344e-05
heldout_one_step_rmse_theta,1.8258894036470212e-07
heldout_open_loop_0p8s_rmse_x,4.0028731906328225e-05
heldout_open_loop_0p8s_rmse_xdot,0.0002728942857001179
heldout_open_loop_0p8s_rmse_thetadot,0.0008510682845877211
heldout_open_loop_0p8s_rmse_theta,0.00012029572379441671
lookahead_offset_0.100000_success,True
lookahead_offset_0.100000_tail_max_angle_error_rad,0.00024016085437317258
lookahead_offset_0.100000_tail_max_cart_position_m,0.0012798818285672325
lookahead_offset_0.100000_peak_force_N,4.0
lookahead_offset_0.392699_success,True
lookahead_offset_0.392699_tail_max_angle_error_rad,0.001018492293890727
lookahead_offset_0.392699_tail_max_cart_position_m,0.00546543797614492
lookahead_offset_0.392699_peak_force_N,12.0
lookahead_offset_0.785398_success,True
lookahead_offset_0.785398_tail_max_angle_error_rad,0.003609888838543185
lookahead_offset_0.785398_tail_max_cart_position_m,0.017665768121757942
lookahead_offset_0.785398_peak_force_N,18.0
